"day","z","turbidity","Reach_Untersuchungsstelle","conductivity","month","gaug_station","temp","dist_w","ox_cont","discharge","ph","year","hour","alg_cover","clog_3_class","wd_cm","clog_6_class","velocity","sub_type","cat_velocity","second","cpom_cover","moos_cover","minute"
0.000906882486730731,0.000720536783130843,0.000630583737164783,0.000615209248760603,0.000595285868267712,0.000591787180998654,0.000582742396524821,0.000555811099416331,0.000545860236143749,0.000506299300582427,0.000487258790305133,0.000481137103848149,0.000394674658525673,0.000388905740877702,0.000349857405127576,0.00025443831766953,0.000228903863941012,0.000217946573965742,3.94441204340212e-05,2.62613811810783e-05,2.46886500619459e-05,0,-8.37362332580804e-07,-5.65080422915631e-06,-0.000100684360969244
0.041179519466955,0.0344547071367787,0.0322546113012121,0.0293468677809554,0.026327164380203,0.0239631277582232,0.023427695457628,0.0190198407493583,0.0187818164713698,0.0184567508103862,0.0175100070515341,0.0158608496864149,0.0122342114379152,0.0103771833723439,0.00765039626916027,0.00532584882647482,0.00506022280783118,0.00470947440954377,0.00408188899585757,0.00345284666402447,0.00231935668577069,0.00186605672079941,0,-5.5380136219636e-06,-0.000786249008019416
44426.351918577,36727.1958713942,34541.5656380739,30164.269236468,29578.6641601574,28920.114612074,27770.796889175,27693.4734871556,26660.3133936542,25429.5315208395,25421.1082549009,23531.6681797209,21836.0902539122,20822.7478142323,18054.2141077131,16986.7123536237,15906.8007582763,15439.4775640905,10771.257348564,9187.45479749472,3905.59862725125,3165.13814694209,3082.81712145514,1168.35003236501,0
0.00196821798401829,0.00192062582207303,0.00182941783231399,0.00168538447082143,0.00163722640100692,0.0016209105575493,0.00154004820434736,0.00153032678545576,0.00143868094210123,0.00141589066870733,0.00131614043713066,0.00119629725788654,0.00115421496956118,0.00101723558814911,0.000917624933729495,0.000887771112067191,0.000650218910778265,0.000620893537031117,0.00040128618270548,0.000393549413016559,0.000279851755164257,0.000185183992218195,2.76319025865626e-05,0,-9.87217042541011e-06
