"wd_cm","velocity"
0.00275148448821294,0.00198393799286509
0.0761760921584847,0.0512252019985551
108371.952607388,42196.0807368284
0.00656414660970353,0.00298046703694275
