"Reach_Untersuchungsstelle","dist_w","z","alg_cover","wd_cm","clog_3_class","clog_6_class","cat_velocity","velocity","sub_type","cpom_cover","moos_cover"
0.00140476912429901,0.00118731915234304,0.00111611810157449,0.00111178617810132,0.000799118814173112,0.000764421462813655,0.000526733840602798,0.000363640350309236,0.000353901229132437,0.000290982009319246,6.26372251247265e-06,-1.94291267952318e-05
0.0236003676314464,0.017938767904872,0.0114038968363513,0.00959315614701219,0.00917652630636162,0.0067452287982141,0.00670180821902767,0.0053117856126973,0.00528090197326319,0.00466486147398851,-4.72199029059148e-05,-0.00051811399976588
159958.000052962,117937.142318407,108573.201377016,106681.638841,85117.4168779031,80841.6719990461,22164.067749069,18915.9228077779,18137.2268250536,8576.381011388,2679.83440542803,1297.20176067427
0.00871193788283758,0.00634570155476172,0.00622568576283885,0.00610273923650606,0.00482123714819439,0.00403532138139761,0.00195577391148462,0.00126333841910936,0.00109682037583734,0.000763364881874931,0.00052307937728325,9.44989100056619e-05
