"velocity","wd_m"
0.215405436801136,0.248823101686535
4.85187360586314,4.87226920666907
6994674.08719713,8284419.22939595
0.415133853027171,0.425970107977646
