"WUA","WUA_pers","WA_tot","WA_tot_pers","HHS","HHS_pers","River","Discharge"
83071.6,83071.6,104084,104084,0.79812074862611,0.79812074862611,"L2",2.4
91508.8,91508.8,117680,117680,0.777607070020394,0.777607070020394,"L2",3.9
93811.2,93811.2,122152,122152,0.767987425502653,0.767987425502653,"L2",4.6
101476.8,101476.8,141520,141520,0.717049180327869,0.717049180327869,"L2",7
109670.8,109670.8,158260,158260,0.692978642739795,0.692978642739795,"L2",9.24
116995.2,116995.2,172208,172208,0.679383071634303,0.679383071634303,"L2",11.4
124583.6,124583.6,184420,184420,0.67554278277844,0.67554278277844,"L2",13.3
130840,130840,193032,193032,0.677815077292884,0.677815077292884,"L2",15
142967.2,142967.2,209480,209480,0.682486156196295,0.682486156196295,"L2",18.9
