"z","velocity","wd_m","ecomorph_class","mean_diff_nitrogen","mean_diff_phosphor","biogeo_int","index"
1.31479628612633,0.528149791971549,0.590857458155536,0.07837091294289,0.672287195337834,0.396376321475412,0.29559892324756,"k_index"
7.54064940595681,6.30073429679997,4.49991706312133,3.85748507324805,4.36805579261841,6.71366719067125,2.02158361373991,"shannon"
25083629.8494512,20186277.3415583,25508842.3166248,10316818.5520712,17189360.2877444,18075797.4653657,7264983.73780822,"abundance"
1.36945195585891,1.1088985293551,1.41862898000643,0.637296532966445,0.999011387096112,1.13304767441559,0.443347346491499,"rel_abundance"
