"velocity","wd_m","z","dist_w","cat_velocity","alg_cover","moos_cover","cpom_cover","clog_3_class_int","clog_6_class_int","sub_type_int"
0.100433751536832,0.141605760443215,0.175023147250481,0.136448383075983,0.0426083138153954,0.106270541358928,0.0899088139624855,0.00765976766546502,0.0766460589667086,0.0735228973907706,0.049872564533736
0.118395956699764,0.114202461361479,0.42008974708487,0.11855237580858,0.0245871967523845,0.044587499118017,0.0873934859211358,0.000979356451509586,0.0149927247909664,0.0387880449117311,0.0174311510995622
0.106971061779559,0.191510275204555,0.231387788514802,0.152665926461319,0.024084474844552,0.0728054610709461,0.0189733937316224,0.0993701387070889,0.0352240475928841,0.0535439423130194,0.0134634897796525
0.0927963139701057,0.201040478980512,0.246953822791468,0.138837819829005,0.0215627857691118,0.0707308085275113,0.0182991521446647,0.11369701129327,0.0283488284023781,0.0563121420816804,0.0114208362102936
