"z","dist_w","alg_cover","clog_3_class_int","clog_6_class_int","wd_m","velocity","sub_type_int","cat_velocity","moos_cover","cpom_cover"
0.00126117338833279,0.00103505668891393,0.000980374172561606,0.000845238328652505,0.000835529243323586,0.000750528101145783,0.000358104010868848,0.00035742653952263,0.000265647694609336,2.12603113524166e-05,9.80246558785991e-06
0.151712371808973,0.0341296065203608,0.0278955255610221,0.0261157597059919,0.0130841752018805,0.0109980899837262,0.00750405918292791,0.00697181888692939,0.00678965366067994,0.00457016441880782,2.29233600760652e-05
186292.527495124,112608.130978861,97760.6958299916,94571.9291576123,92644.2198577077,81152.1072083592,25427.4872669848,5367.05078664006,3858.60414150945,3449.0536581903,2352.69111997224
0.0145287206708839,0.00858480469410846,0.00698726750307446,0.00646931805567871,0.00597410689889909,0.00381787063443989,0.00194228553593718,0.000375653868772536,0.000315358797250682,9.19368070223347e-06,-0.000151477105547135
