"z","velocity","wd_m","ecomorph_class","mean_diff_nitrogen","mean_diff_phosphor","biogeo_int","index"
0.22682874646946,0.116964766101208,0.149574759205951,0.0830198987823168,0.170816436229644,0.150394373407837,0.102401019803583,"k_index"
0.220820036605872,0.179072232982409,0.128332472450716,0.112734215281005,0.113588073558864,0.194015584336449,0.0514373847846858,"shannon"
0.198603421634445,0.160617598998405,0.206579149147765,0.0871423033479404,0.134504470976663,0.153973030056615,0.0585800258381652,"abundance"
0.197126055947214,0.165563766087579,0.207963689504539,0.0854312711979893,0.140529813945317,0.147844288434256,0.0555411148831055,"rel_abundance"
