"velocity","z","dist_w","cat_velocity","alg_cover","moos_cover","cpom_cover","wd_m","clog_3_class_int","clog_6_class_int","sub_type_int","index"
0.0751012217123188,0.102011499544562,0.0901664926269405,0.0311983531789734,0.0599248895033653,0.0568664475924496,0.00732076512138617,0.0813717089547541,0.0469786444235938,0.0532385741367088,0.0263357157068108,"k_index"
2.01669946873342,2.96912817353223,1.92339026650376,0.914082625939318,1.17882371242874,1.2519521144077,0.158002739644098,1.84087135479302,0.524864913421763,0.743778891902358,0.577782304673331,"shannon"
3335302.63014206,4269254.79167748,4267336.12152068,1548290.94454797,2857911.6269576,818207.896338847,2416871.60246165,6207695.78352509,2018750.98927001,2491376.90353576,894425.3965657,"abundance"
0.402626525351195,0.543885238081627,0.434443855031154,0.115718514706272,0.311972759500121,0.0884685336345018,0.242258872573125,0.673276896431542,0.166466815765973,0.206598666062473,0.063808646811721,"rel_abundance"
