"velocity","index"
0.487523082455728,"k_index"
14.9723610798866,"shannon"
18336049.6682344,"abundance"
1.07432171900517,"rel_abundance"
