"velocity","wd_m","index"
0.301139770313591,0.321043321033436,"k_index"
8.23068213407555,7.64587521926575,"shannon"
7651206.01106938,12491521.6542098,"abundance"
0.427346365515905,0.717973766150936,"rel_abundance"
