"velocity","wd_m"
0.472440973824143,0.527559026175858
0.479491818193496,0.520508181806504
0.455107707139763,0.544892292860237
0.477706187261702,0.522293812738298
