"z","velocity","wd_m","ecomorph_class","mean_diff_nitrogen","mean_diff_phosphor","nr_inhabitants","dom_ww_disch","biogeo_int","geology_int","index"
0.728007792617897,0.354493890108286,0.427070599157277,0.125375102747811,0.377276952087199,0.315944681141398,0.296808560097198,0.298671551145697,0.2062507191858,0.028805169494193,"k_index"
5.37906619327553,5.32231801853444,3.87654005887681,2.67535384857152,3.05633604323342,4.47751953505857,4.03611416328257,3.80231805665425,1.28350224409597,1.71412171786686,"shannon"
14967987.3271934,11578328.7724523,15072443.4428531,4246613.97739335,7364318.31651963,9220566.20673875,7108629.19036272,7976216.53229114,2218148.93159276,592099.784045155,"abundance"
1.08964243382543,0.75098098197675,1.28204209467815,0.309754077912947,0.361724104688415,0.701321534580132,0.403482545976345,0.338035076007616,0.0946488101136885,0.0106250631026199,"rel_abundance"
