"velocity","froude","shear_stress","stream_power","index"
0.334099856664906,0.204816368456919,0.206049214625093,0.255034560253082,"k_index"
0.232219087740532,0.252942215530062,0.258103863009247,0.256734833720159,"shannon"
0.300969446952136,0.221113156062068,0.220669983053834,0.257247413931961,"abundance"
0.292672404488466,0.222706535886701,0.217594016937398,0.267027042687435,"rel_abundance"
