"velocity","wd_m","index"
0.461899657345781,0.538100342654219,"k_index"
0.518575647319279,0.481424352680721,"shannon"
0.396810209525432,0.603189790474568,"abundance"
0.362083109884244,0.637916890115756,"rel_abundance"
