"velocity","wd_m","index"
0.471760442296503,0.528239557703497,"k_index"
0.512301774029504,0.487698225970496,"shannon"
0.386085440228805,0.613914559771195,"abundance"
0.372453904390541,0.627546095609459,"rel_abundance"
