"wd_m","velocity"
0.581043085217301,0.418956914782699
0.597922436051451,0.402077563948549
0.719754055362049,0.280245944637951
0.687733087238161,0.312266912761839
