"velocity","z","dist_w","cat_velocity","alg_cover","moos_cover","cpom_cover","wd_m","clog_3_class_int","clog_6_class_int","sub_type_int","index"
0.112053659918715,0.159630415001391,0.145220236064401,0.0478418421889703,0.0994237370390655,0.0891795222912908,0.0110849714913824,0.141333234116682,0.0677354841642915,0.0872148367115878,0.0392820610122213,"k_index"
0.142934508485477,0.22675326733072,0.13065848041256,0.0719840130861181,0.0750066457695539,0.0783174461991187,0.0134845996580608,0.123165259807498,0.0401646408032625,0.0586847830936054,0.0388463553540245,"shannon"
0.110314575514668,0.13908692318721,0.148861659736349,0.05276834194545,0.106714048842578,0.0287627827484443,0.0686055594914294,0.166580420817687,0.0721338677556898,0.0759331882823849,0.0302386316781097,"abundance"
0.118258862062849,0.16160271571022,0.139013048914261,0.0394791676958617,0.0947792493529861,0.0264573243748438,0.074216813462241,0.20774100405613,0.0538344037797899,0.0646953594427668,0.0199220511480514,"rel_abundance"
