"velocity","wd_m","x","y","z","dist_w","cat_velocity","alg_cover","moos_cover","cpom_cover","clog_3_class_int","clog_6_class_int","sub_type_int"
0.0797280829481089,0.0994153417156907,0.112978975901954,0.129930421161823,0.13065934919043,0.105370760820348,0.0320301730032267,0.0858113990343033,0.0667038277566349,0.00571194583112531,0.05733046530075,0.0586523923954352,0.0356768649401706
0.0820868021336642,0.0589888951223421,0.193318980433772,0.197133546786058,0.214150554519636,0.057700414458976,0.0253419329094964,0.0355197216281896,0.0871324638281286,0.000482671388318848,0.0105005821567746,0.023055945814412,0.0145874888202318
0.0840491060591171,0.132363692638361,0.183115853982705,0.106880933707457,0.130401107796036,0.101708499174472,0.0233711323175502,0.0426899922250644,0.0136614859864943,0.103719969177776,0.0274155209863275,0.0410818154786695,0.00954089046997081
0.0757531392039582,0.144260116835735,0.203137449003511,0.0997175344730194,0.130743593542423,0.0997954423219151,0.0176205794954872,0.039376406930012,0.0148876849807336,0.103585126954095,0.0230403675275334,0.0401005235296409,0.00798203520193651
