"z","velocity","wd_m","ecomorph_class","mean_diff_nitrogen","mean_diff_phosphor","biogeo_int","index"
0.350867982383609,0.133936771202519,0.146800222940727,0.0205601573356176,0.177297780016836,0.0885462424551727,0.0819908436655191,"k_index"
0.20717969044419,0.185770082859408,0.131094588669928,0.117888677241391,0.119528190359003,0.187308410977074,0.051230359449005,"shannon"
0.19220340520145,0.162800554457572,0.204751692612473,0.0881351464573443,0.138239908075422,0.160253379386468,0.0536159138092716,"abundance"
0.193739437607053,0.15276124668275,0.209506972479464,0.0936046192276968,0.141872178854956,0.15094471458687,0.0575708305612088,"rel_abundance"
