"z","dist_w","alg_cover","clog_3_class_int","clog_6_class_int","wd_m","velocity","sub_type_int","cat_velocity","moos_cover","cpom_cover"
0.18767067516572,0.154023062522798,0.145885953970923,0.125776875155807,0.124332101093988,0.111683386896606,0.0532881696688442,0.0531873575948452,0.0395300778344648,0.00316367045376364,0.00145866964224032
0.523517720090168,0.117771896781176,0.0962597958775012,0.0901183128091793,0.0451498944303213,0.0379513873850485,0.0258944468933268,0.0240578318369614,0.0234292296815229,0.0157703819961634,7.91022186307804e-05
0.264063247534185,0.159618150898785,0.13857242246469,0.134052455429731,0.131319993828188,0.115030319582961,0.0360425882596385,0.00760760981375472,0.0054694385988322,0.00488891488106108,0.00333485870817319
0.297396065122696,0.175726906291975,0.14302607286947,0.132423891777458,0.12228715277839,0.0781500126232956,0.0397576695716939,0.00768945765782093,0.00645524595927639,0.000188190311230779,-0.00310066496330763
