"velocity","wd_m","froude","shear_stress","stream_power"
0.18083590877982,0.346641755130079,0.16073503592961,0.152015745394581,0.15977155476591
0.182492052272318,0.176146005198425,0.218463416510893,0.219696707877053,0.203201818141311
0.139236540735895,0.357317400916497,0.163794747064067,0.154722312953216,0.184928998330325
0.17525696185479,0.221584556684915,0.210575782729916,0.189137900856683,0.203444797873696
