"velocity","wd_m","z","dist_w","cat_velocity","alg_cover","moos_cover","cpom_cover","clog_3_class_int","clog_6_class_int","sub_type_int"
0.0515734362628836,0.072715551783377,0.0898756144336767,0.07006720231059,0.0218796681713255,0.0545706687993914,0.0461688069539573,0.00393334445282057,0.039358289184997,0.0377545237972602,0.0256099118960415
2.4439022035357,2.35734103385199,8.67139628076091,2.44713097093085,0.507523280328692,0.920364937976673,1.80395630704638,0.0202156514175618,0.309476389016923,0.800653933402524,0.359809826026504
8846557.26864086,15837990.0970004,19135879.2584362,12625544.1326119,1991797.43056626,6021045.97373461,1569108.61157166,8217957.34510541,2913045.35151699,4428109.28657573,1113436.95565913
0.568297856726202,1.23120055562379,1.5123804189889,0.850262602744974,0.132053574257056,0.433165555515979,0.112066616644598,0.696296706946303,0.173612266829482,0.344863586532001,0.0699428292208002
