"velocity","wd_m","x","y"
0.122241749240063,0.126657661979341,0.167054320220085,0.177002022665291
2.45900655086635,2.22349400584291,3.48655902241246,3.24467663619173
3991852.34246613,4518534.79219875,5114523.13441936,4222047.0154241
0.22421493451691,0.211517220327405,0.245236245601507,0.226762429321981
