"velocity","wd_m","index"
0.482101664868323,0.517898335131677,"k_index"
0.511191469980064,0.488808530019936,"shannon"
0.374363536712563,0.625636463287437,"abundance"
0.352560393165573,0.647439606834428,"rel_abundance"
