"velocity","wd_m","froude","shear_stress","stream_power"
0.102329124419831,0.19615322824519,0.0909546981086234,0.0860207368614792,0.0904094956400336
2.03276219105636,1.96207415618662,2.43344390992803,2.4471814290609,2.26344636891468
2692389.09943863,6909375.01163663,3167266.21625203,2991834.37503902,3575934.99984384
0.179519256091485,0.226973549903234,0.215697039743723,0.193737783088065,0.208392627507882
