"z","velocity","wd_m","ecomorph_class","mean_diff_nitrogen","mean_diff_phosphor","biogeo_int","index"
1.3713396671607,0.523481242128926,0.573757022510407,0.08035774346196,0.692954304308099,0.346075962337452,0.320454706350405,"k_index"
7.44143883235902,6.67245281386758,4.70862930989523,4.23430201502228,4.2931897204407,6.72770617662321,1.84008184094778,"shannon"
23650386.7888949,20032403.0593141,25194437.7410509,10844918.7007243,17010246.4741366,19718976.3768498,6597370.62566756,"abundance"
1.4154103924002,1.11603429214715,1.53060393789922,0.683851220319234,1.03648156939036,1.10276317688846,0.420597648480422,"rel_abundance"
