"velocity","index"
0.483116490424297,"k_index"
14.9367953705183,"shannon"
18195503.5051142,"abundance"
1.05357800515143,"rel_abundance"
