"velocity","wd_m","z","dist_w","cat_velocity","alg_cover","moos_cover","cpom_cover","clog_3_class_int","clog_6_class_int","sub_type_int"
0.0507428572726209,0.0671308653892536,0.0885093681370687,0.0664422988042346,0.021081318069659,0.058143672134191,0.0452275783020221,0.00333250554476026,0.0422539751884105,0.0391192357351286,0.024266331994079
1.24588563191543,1.10409439752223,2.34862443693632,1.19484841082174,0.57605399310849,0.665717359786884,0.827093042321631,0.00677080260551948,0.462101898802124,0.596632797462921,0.357840620868161
6066022.55707561,9599816.0205947,10266347.2084144,7453132.66641738,1700523.6280022,4065680.72923405,972177.425347918,4369100.12939695,1825176.63860422,2808707.28729349,750464.373731182
0.559275613420118,1.02927339397862,1.21406444951738,0.811146369469491,0.132714889373619,0.404582160169264,0.103078537708432,0.494656044564733,0.195851108235485,0.310313664277004,0.0738889865816895
