"velocity","z","dist_w","cat_velocity","alg_cover","moos_cover","cpom_cover","wd_m","clog_3_class_int","clog_6_class_int","sub_type_int","index"
0.071074617036632,0.105245086115185,0.0879903024013792,0.0281580994380428,0.060317493446678,0.058370517356415,0.00758213572187884,0.0962537634495869,0.0486336568221985,0.0550202118193153,0.0255888008108875,"k_index"
2.00791886448574,2.88579256302834,1.77060949758427,0.859580056698703,1.0937323984146,0.969397376420896,0.18896925593632,1.83992886826971,0.562988238739113,0.761072953703603,0.57578901583201,"shannon"
3597052.2208998,4307438.74409597,4084618.8725003,1651586.11609713,2912049.04848632,909910.778097179,2562612.54732246,5035672.91826011,2232097.20118163,2300343.04930707,899699.809812998,"abundance"
0.380025806859228,0.564145768395114,0.43965793178439,0.138378515356791,0.30779261860025,0.0795784225095152,0.212834874371072,0.661300434781727,0.166042266230329,0.214139881819582,0.0775965277075192,"rel_abundance"
