"z","velocity","wd_m","ecomorph_class","mean_diff_nitrogen","mean_diff_phosphor","biogeo_int","index"
0.351329113969082,0.181163667654756,0.231672433242675,0.128587350302715,0.264573111327391,0.232941912247549,0.158606261847711,"k_index"
19.5592330957595,15.8614027953111,11.3671059066926,9.9854833304111,10.0611142076815,17.1850167972741,4.55608926754969,"shannon"
27156938.6602197,21962775.101529,28247535.8970011,11915797.6597511,18392078.2319746,21054199.8630423,8010205.23870584,"abundance"
0.723774589439406,0.607889435266577,0.763566405598647,0.313672299379686,0.515973943188435,0.542830011224488,0.203926606395915,"rel_abundance"
