"velocity","wd_m","froude","shear_stress","stream_power"
0.126228078550353,0.215815723554411,0.101539792716453,0.111081161843037,0.110419685070984
3.66979427517476,3.856509557622,4.1146185950313,3.95382706133316,3.89544927938684
3696320.1283498,13938962.8978122,2748058.96722804,2796832.49137489,3161239.98503049
0.216085834024535,0.727974468682773,0.186221648202963,0.17646074208856,0.216861219122565
