"velocity","wd_m","index"
0.304929850816788,0.320178611996791,"k_index"
8.47281848936034,8.08745091699098,"shannon"
8284360.98952141,13023225.6252077,"abundance"
0.39600772156088,0.768649795786673,"rel_abundance"
