"z","velocity","wd_m","ecomorph_class","mean_diff_nitrogen","mean_diff_phosphor","nr_inhabitants","dom_ww_disch","biogeo_int","geology_int","index"
0.251274163168803,0.129067865558181,0.150868958197079,0.0335495577805799,0.132519240804051,0.100231856064275,0.0710409480483566,0.0660578005123066,0.0635658830995057,0.00182372676686173,"k_index"
0.197321198322321,0.183026771011778,0.114179378828083,0.0570237820905215,0.0636225111388664,0.121765193474046,0.101300849654095,0.108553675391103,0.0235540774936619,0.0296525625955239,"shannon"
0.147486279415355,0.128090720767305,0.15878925678125,0.074486192384184,0.107452736083945,0.114608515359655,0.107469872538005,0.106442767595132,0.0396495821242137,0.0155240769509555,"abundance"
0.15937681039449,0.123596224492754,0.155075105728203,0.0645522781030173,0.10854270703336,0.11941948117962,0.106431819622713,0.104429297089341,0.0403266483845535,0.0182496279719469,"rel_abundance"
