"velocity","wd_m","z","dist_w","cat_velocity","alg_cover","moos_cover","cpom_cover","clog_3_class_int","clog_6_class_int","sub_type_int"
0.0972292709453245,0.138394617047825,0.179254814053777,0.134953621503992,0.0366842788879466,0.120321578397863,0.0814026223622744,0.00586681608087864,0.0742310974733037,0.0804276606389475,0.0512336226078688
0.117101646970691,0.119594241934041,0.419738657850973,0.113435142096972,0.0251854689397373,0.0464902461066976,0.0943909379747984,0.000693993491608584,0.0159641976694435,0.0301405688345685,0.0172648981304693
0.107792297793468,0.189677717420267,0.228814031447667,0.147155398054788,0.0270475215325516,0.070261340394148,0.0207699172465324,0.0958191838218797,0.039460976163865,0.0598389411880207,0.0133626749368133
0.0949163243992066,0.197110747945634,0.25332692265293,0.141288721056289,0.0189933663746658,0.0672445266609565,0.0177296142466514,0.11119599884263,0.0267846807944239,0.0588281205777777,0.0125809764488343
