"velocity","wd_m","froude","shear_stress","stream_power"
0.189792559604939,0.324493718408653,0.1526720313161,0.167018133145952,0.166023557524356
0.188289217506433,0.197869175343936,0.211112192538087,0.202862326253623,0.199867088357921
0.140323524865691,0.529165315469121,0.104324654637629,0.106176245568814,0.120010259458745
0.141825465467378,0.477797715594714,0.122224448704438,0.115817989626231,0.142334380607239
