"velocity","index"
0.496781075568799,"k_index"
14.5876782902549,"shannon"
18121676.6523444,"abundance"
1.03858988407158,"rel_abundance"
