"velocity","wd_m","index"
0.298369870074264,0.320524217660858,"k_index"
8.32705150257843,7.96244468737789,"shannon"
7886531.53319449,13179974.0417055,"abundance"
0.413652951072078,0.759629581767097,"rel_abundance"
