"velocity","wd_m","z","dist_w","cat_velocity","alg_cover","moos_cover","cpom_cover","clog_3_class_int","clog_6_class_int","sub_type_int"
0.0518065515662276,0.0737406317548987,0.0955121197298057,0.0719071703769872,0.0195464387154254,0.0641107970387236,0.0433736580767822,0.00312600831898173,0.039552463385547,0.0428541704337757,0.0272987474425451
2.42455471001695,2.47616314606283,8.69056384940066,2.34864081904407,0.521457630370552,0.962566693840373,1.95433624692737,0.0143689284679475,0.330533956202839,0.624051497317823,0.357464571703838
8837113.02074198,15550307.9595807,18758812.0675276,12064209.6962631,2217431.20433411,5760220.52374817,1702775.70750688,7855523.76489477,3235120.81481959,4905763.18665428,1095509.33687593
0.577930963085952,1.20017715725794,1.54246883569411,0.860285384522605,0.11564769907216,0.409441624519443,0.107952905904933,0.677055407583429,0.163087819355135,0.358195416829012,0.0766036388541111
