"z","velocity","wd_m","ecomorph_class","biogeo_int","mean_diff_nitrogen","mean_diff_phosphor","nr_inhabitants","dom_ww_disch","geology_int","index"
0.141353145644322,0.113070433128004,0.130528565462612,0.0376626700377913,0.0249893022072171,0.104154845452979,0.205512492862786,0.0582563043551174,0.0722369506516046,0.00367349379034734,"k_index"
11.8683125776501,9.15255558598683,6.59828721648084,4.81409247891273,1.79603894979713,4.59826174096614,10.3633063107483,8.48381978171777,7.73242655949372,2.37231812494307,"shannon"
3367275.06178048,3117211.13997856,3638006.4852444,1340417.7039666,970922.422946965,2129285.70731262,2610630.30026304,2246713.95612683,2584142.38385033,431756.398757157,"abundance"
0.408419906668302,0.350604096190583,0.472877696355024,0.184230106061522,0.119215412612237,0.260883215224487,0.295304729983495,0.308785195097508,0.290354521089827,0.0526880869302448,"rel_abundance"
