"velocity","index"
0.49901002965694,"k_index"
14.4455385014725,"shannon"
18317597.5501923,"abundance"
1.06120649672416,"rel_abundance"
