"z","velocity","wd_m","ecomorph_class","mean_diff_nitrogen","mean_diff_phosphor","biogeo_int","index"
0.1408450206561,0.0864191610857321,0.114814789527491,0.0670802908482969,0.125239258283504,0.120089948783077,0.0797079172624758,"k_index"
8.85946680549249,8.68350411184387,6.37248507224473,5.15957194108666,6.1033489986592,8.65397765526902,2.57107604367476,"shannon"
13430058.422116,11109875.8992712,13272094.1357728,5625580.29512268,9503508.45468361,10382484.9396396,3976599.66741453,"abundance"
0.343134037782858,0.330296037368146,0.354906087706504,0.148062315277656,0.269113047043543,0.272329012092485,0.11765329157762,"rel_abundance"
