"z","velocity","wd_m","ecomorph_class","mean_diff_nitrogen","mean_diff_phosphor","biogeo_int","index"
0.339176497306088,0.136246199037891,0.152422824112782,0.0202172549642383,0.17342916047491,0.102252747251968,0.0762553168521231,"k_index"
0.213603468961342,0.178480476991411,0.127468848234973,0.109270720431781,0.123733622887031,0.190177599325394,0.0572652631680676,"shannon"
0.202899784685803,0.163285431605893,0.206339299562759,0.0834520472284654,0.139043572329956,0.146213902683113,0.0587659619040104,"abundance"
0.192617880464898,0.155970191915975,0.199534789173043,0.0896378342317485,0.14051420724874,0.159366847867789,0.0623582490978073,"rel_abundance"
