"velocity","wd_m","index"
0.295253338677017,0.34396198435144,"k_index"
8.61062420329844,7.99375019764023,"shannon"
8300456.76586698,12617494.8558768,"abundance"
0.412023479222892,0.725901676564169,"rel_abundance"
