"z","velocity","wd_m","ecomorph_class","mean_diff_nitrogen","mean_diff_phosphor","nr_inhabitants","dom_ww_disch","biogeo_int","geology_int","index"
0.185930066026967,0.0990479236917763,0.135439214603267,0.0358599042258369,0.108669414914549,0.112814867245039,0.0712131522241484,0.0641709103354081,0.0512652697674019,0.00129916098428497,"k_index"
4.59928072945809,4.42845996181879,3.3614405044393,2.20255283315618,2.59781089533725,3.6492290147908,3.14180897333592,3.28935465067651,1.08560611887304,1.38717049896177,"shannon"
11774615.7048421,10376621.0632506,13241333.2048447,4812273.70470227,8453385.97601862,9103252.24897085,9236167.45666387,8086205.94819619,3133503.36058537,1692526.53306845,"abundance"
0.48164434958065,0.475303595576135,0.557485553724635,0.227236929500826,0.349242994860133,0.411279207853259,0.35458816183655,0.374561066685404,0.150871416280707,0.0558911968656946,"rel_abundance"
