"z","velocity","wd_m","ecomorph_class","mean_diff_nitrogen","mean_diff_phosphor","biogeo_int","index"
0.197807757050375,0.119040317772099,0.1509481128902,0.0878869921182515,0.164156942355118,0.164259941484623,0.115899936329334,"k_index"
0.209268257411646,0.180998298375119,0.130732844741318,0.103922754138577,0.129693358197968,0.185375366286737,0.0600091208486338,"shannon"
0.187620589421549,0.16216097671364,0.202409655591745,0.0778768079119199,0.144931308594039,0.164741879847954,0.0602587819191523,"abundance"
0.186858937366806,0.179305354862897,0.186312620438667,0.0807762649405502,0.148304622589213,0.149195951452766,0.0692462483491008,"rel_abundance"
