"velocity","wd_m","index"
0.487803107710805,0.512196892289195,"k_index"
0.51163530504587,0.48836469495413,"shannon"
0.388798653705565,0.611201346294435,"abundance"
0.340020749157887,0.659979250842113,"rel_abundance"
