"velocity","wd_m","z","dist_w","cat_velocity","alg_cover","moos_cover","cpom_cover","clog_3_class_int","clog_6_class_int","sub_type_int","froude","shear_stress","stream_power"
0.0790042879552302,0.0999564879042278,0.121264959366272,0.0999479236704292,0.0279598100935388,0.089378967511583,0.0522188047875581,0.00437903938105187,0.065038557123343,0.0675849067544237,0.0477085656097704,0.0845072880679418,0.0816952900883635,0.0793551116862667
0.0830044877115675,0.0803551912590644,0.159909849870756,0.0872949384209726,0.0472214272942687,0.059516708292461,0.0606167239265447,0.00123864406297866,0.0415858763934277,0.0472049287439457,0.0399983121348669,0.0937928760891453,0.105140142315809,0.0931198934841922
0.0424253656659652,0.19357554872412,0.207614631773303,0.122022322225721,0.00992508149390911,0.0775522638427567,0.0198917768409239,0.114602965503606,0.0239511127864632,0.0423371245934977,0.0100323330985478,0.0462793145408393,0.0443441153666857,0.0454460435436601
0.0422905650494284,0.174066444041788,0.220600512942076,0.12348295857493,0.00843805504070662,0.0719785604491621,0.018213529107328,0.102729505886613,0.0361270868924055,0.0608927581337995,0.00820994803377093,0.0452977405158455,0.0405595633426766,0.0471127719894698
