"z","velocity","wd_m","ecomorph_class","mean_diff_nitrogen","mean_diff_phosphor","nr_inhabitants","dom_ww_disch","biogeo_int","geology_int","index"
0.484229612723673,0.248726258864598,0.290739072726383,0.0646532423639077,0.255377392740026,0.193156479888358,0.136902777138566,0.127299769924866,0.1224976040813,0.00351449784925954,"k_index"
24.8266060626437,23.0281063639431,14.3658485897281,7.1746319513572,8.00487243231038,15.3202824441785,12.7454947038441,13.658032479535,2.96353259597034,3.73083326356263,"shannon"
9075580.72423632,7882073.37629985,9771110.39597959,4583514.17164625,6612113.23680847,7052444.72200807,6613167.72996381,6549964.7401111,2439840.40194775,955275.393047747,"abundance"
1.27452667288248,0.988391500580765,1.24012620193269,0.516220647370087,0.868009435742035,0.954990337982539,0.851128797325048,0.835114746250034,0.322489757869088,0.145941166490007,"rel_abundance"
