"velocity","wd_m","index"
0.290438720203316,0.334587050287513,"k_index"
8.32961766442939,7.83577488113715,"shannon"
7848467.4333133,12820594.1082325,"abundance"
0.417583180175944,0.724943414817951,"rel_abundance"
