"velocity","wd_m","x","y","z","dist_w","cat_velocity","alg_cover","moos_cover","cpom_cover","clog_3_class_int","clog_6_class_int","sub_type_int"
0.0414019353326483,0.0574073914911114,0.0759057860280221,0.068927740251414,0.0709160216847009,0.0656400035840317,0.0221827088080525,0.048250898297042,0.0481651011528952,0.00246701363304761,0.0335684043415929,0.0329026230694125,0.027207887075311
1.71622488375519,1.25033688710702,3.6264276120307,4.35863440610769,4.52996625312281,1.34999707294368,0.491732275272859,0.495079323814032,1.80312118472242,0.0117800711592142,0.25732545922288,0.528650936337938,0.278588703618323
6758452.93005102,11265602.8519264,15438886.0895732,8959341.79926234,10939220.5974538,8272639.37454877,1826285.5398288,3494533.63549403,1326775.37799797,8123541.06094712,2098808.58779803,3448769.7397338,773361.70696162
0.472445344149049,0.892657407005626,1.22830097480839,0.626426227744735,0.788252072647895,0.601484280733639,0.106024696062898,0.23814115313474,0.0935981558003534,0.661263587600824,0.130928306019199,0.233905831328475,0.0550350200219952
