"velocity","z","dist_w","cat_velocity","alg_cover","moos_cover","cpom_cover","wd_m","clog_3_class_int","clog_6_class_int","sub_type_int","index"
0.0738349864242216,0.105184511894306,0.0956892810651201,0.0315241980591693,0.0655128112714032,0.0587626394574933,0.00730416766549905,0.0931280373159295,0.0446326211686124,0.0574680585110926,0.0258839420654067,"k_index"
1.99114876083949,3.15878574072785,1.82013758694999,1.00277308800653,1.04487986394096,1.09100095983702,0.187847176892852,1.71575329878502,0.559513413607218,0.817508202708367,0.541149041934511,"shannon"
3374949.53609858,4255206.93614634,4554253.93359062,1614387.67577733,3264795.49920011,879964.772024699,2098909.41518056,5096339.36711298,2206854.01165952,2323089.92145871,925116.699023353,"abundance"
0.381552265604545,0.521397561514772,0.448513902777474,0.127376211945387,0.305797271275203,0.0853623304077712,0.239454302438818,0.67025886579607,0.17369217301222,0.208734132384677,0.0642768213598139,"rel_abundance"
