"velocity","z","dist_w","cat_velocity","alg_cover","moos_cover","cpom_cover","wd_m","clog_3_class_int","clog_6_class_int","sub_type_int","index"
0.114256162289186,0.165555044784654,0.133308691119404,0.0505618376028348,0.0864334793582513,0.087420585672589,0.0125523806154063,0.140976278315775,0.0771520478267861,0.0858369399267468,0.0459465524883665,"k_index"
0.135289356893633,0.217069691769735,0.141149198902789,0.0721920572139564,0.0824196613933328,0.0800546089517778,0.0117603059545366,0.130059808986963,0.0378566263917839,0.0514680251051917,0.0406806584363007,"shannon"
0.118221307298834,0.149842653967637,0.125619786290867,0.05666931100331,0.105716698935822,0.0299803133212881,0.0784032313404363,0.173089501826574,0.0608800129513757,0.0747192961207198,0.0268578869431352,"abundance"
0.119685094678743,0.170922603288159,0.135307891743428,0.0415470498225435,0.093012736365212,0.0254442140933355,0.0710355660123878,0.202499988524606,0.0558194865693337,0.0641809398150615,0.0205444290871899,"rel_abundance"
