"velocity","z","dist_w","cat_velocity","alg_cover","moos_cover","cpom_cover","wd_m","clog_3_class_int","clog_6_class_int","sub_type_int","index"
0.114418207556957,0.154621222757677,0.138457037986882,0.045265318502111,0.0922042995881177,0.104294271031762,0.0108016893980147,0.138274848400066,0.0730039778637634,0.0867368384852522,0.0419222884293982,"k_index"
0.148452344910846,0.209164256855454,0.143522334090303,0.073559058547489,0.0771856813101424,0.0665452384197283,0.0123435189741682,0.131627875888065,0.0367860345224451,0.0603499530327445,0.0404637034486145,"shannon"
0.121155421029232,0.136027726544616,0.128565043278433,0.0546485604147197,0.109351585705887,0.034684702008889,0.0712823886011225,0.171817015352397,0.0668465642913645,0.0754219046807647,0.0301990880925759,"abundance"
0.111324158979292,0.172992460381014,0.149764270556546,0.0399298906480952,0.0839846526734881,0.0268497900889027,0.073456109773532,0.207382574114394,0.049289718632681,0.0664196966342451,0.0186066775178094,"rel_abundance"
