"velocity","z","dist_w","cat_velocity","alg_cover","moos_cover","cpom_cover","wd_m","clog_3_class_int","clog_6_class_int","sub_type_int","index"
0.0771849660293853,0.111839573915973,0.0900557710789388,0.0341567022694186,0.0583895435870038,0.0590563764808542,0.00847967454863263,0.0952355569690104,0.0521195362359166,0.0579865554694848,0.0310388780957471,"k_index"
1.78312454619693,2.86099590180129,1.8603577326299,0.951497089012455,1.08629773024376,1.05512614987402,0.155001773234884,1.71419868645449,0.498953364147253,0.6783526880204,0.536174332399646,"shannon"
3824602.11470721,4847590.88130651,4063951.84822875,1833320.67335713,3420062.92730105,969899.355268874,2536439.25309112,5599654.49414431,1969541.96834135,2417259.49815779,868885.089721002,"abundance"
0.372580858089498,0.532083718285294,0.421214776554802,0.129336368204584,0.289549548514982,0.0792080847306338,0.221134404503832,0.630384424143429,0.17376660193102,0.199795886810065,0.0639550065846547,"rel_abundance"
