"velocity","wd_m","z","dist_w","cat_velocity","alg_cover","moos_cover","cpom_cover","clog_3_class_int","clog_6_class_int","sub_type_int","froude","shear_stress","stream_power"
0.0485543379456737,0.0593923314669345,0.0740682261546536,0.0576300411620051,0.0161886841853376,0.0452510153305416,0.0360902896639101,0.00242243425214336,0.035384701208437,0.0365833037211618,0.0216965157354484,0.0516052538743429,0.0460067359899109,0.050021202702102
0.603298991187882,0.641153132087044,1.02963297077173,0.687627461569615,0.266091774096525,0.33831520932989,0.506774617648896,0.0106640561774707,0.287262843443996,0.31926780785262,0.254275934324299,0.850036340386982,0.699546252378768,0.691747619534515
2146118.54624852,10484613.4914312,11701636.0434037,6564404.74888248,513701.765608897,4249557.7771506,1098288.8170356,5600071.62222921,1152351.83051314,2176796.13322291,535408.535276485,2101674.60132076,2352742.63887214,2368779.79124438
0.239736418098733,1.0104670459411,1.20800433066974,0.663994297577503,0.0403387638219196,0.383108750024459,0.103221064422447,0.623010525360783,0.210418974426855,0.328505495463344,0.0462429482319904,0.235421829347667,0.233385840058242,0.243762874438471
