"velocity","x","y"
0.104418616272194,0.147144332839832,0.173108870554035
3.10409820493117,4.77455942497573,4.63757555912153
8791261.42272704,11099692.5381932,8628636.1874574
0.348565758182128,0.380290879432566,0.334197103822417
