"velocity","froude","shear_stress","stream_power"
0.228898131373247,0.245898993280642,0.262416074071605,0.262786801274506
0.225634493630727,0.278449591418741,0.246386482710265,0.249529432240266
0.326401418867045,0.217817505157927,0.197904722026421,0.257876353948607
0.292121236937539,0.229700354655238,0.210472810738771,0.267705597668452
