"velocity","z","dist_w","cat_velocity","alg_cover","moos_cover","cpom_cover","wd_m","clog_3_class_int","clog_6_class_int","sub_type_int","index"
0.119111049857567,0.161790934038885,0.143004672279623,0.049480800927705,0.095041283465216,0.090190573734647,0.0116107834132069,0.129056085391422,0.0745084504698773,0.0844367416902238,0.041768624731628,"k_index"
0.143034655418701,0.210585777295743,0.136416688887131,0.0648314215640499,0.0836082153641543,0.0887948561802743,0.0112063635512326,0.130564025024684,0.0372261079038208,0.0527526084874572,0.0409792803227525,"shannon"
0.107156855327474,0.137162941057742,0.137101297877734,0.0497436086460012,0.0918192010467002,0.0262874452181403,0.077649433760388,0.199441319951178,0.0648585845687376,0.0800431457120941,0.0287361668338105,"abundance"
0.123903181299666,0.167373749659089,0.133694558965031,0.0356108979528183,0.0960056403317783,0.0272250636062041,0.0745520802031068,0.207192383290367,0.0512280407661626,0.0635781061743991,0.0196362977513785,"rel_abundance"
