"velocity","wd_m"
0.252702681942056,0.275795064864824
4.91039372056556,5.29250059728261
7525856.73433449,8219278.49271789
0.394225087377247,0.427229881035429
