"velocity","froude","shear_stress","stream_power","index"
0.229033863787566,0.140406777491304,0.141251924580475,0.174832612372868,"k_index"
3.94694821910136,4.29917211731289,4.38690286986999,4.36363394840862,"shannon"
9923849.97661119,7290752.63564527,7276139.91501219,8482205.64773133,"abundance"
0.616829800939784,0.469371304203012,0.458596273836513,0.562780211117995,"rel_abundance"
