"velocity","x","y"
0.242086156271417,0.349966573531266,0.407947270197317
0.256893392360769,0.387593668927506,0.355512938711725
0.296920101046643,0.378993882199583,0.324086016753775
0.315809731280537,0.381850220191997,0.302340048527466
