"z","velocity","wd_m","ecomorph_class","mean_diff_nitrogen","mean_diff_phosphor","biogeo_int","index"
0.146656608340083,0.0882576574372446,0.111914409232065,0.0651602766922428,0.121707564760209,0.121783929323563,0.0859293478797346,"k_index"
9.53839676239476,8.24985883943295,5.9587715712008,4.73677409978464,5.91139202495579,8.44936454045684,2.73520127274166,"shannon"
12161027.7823139,10510808.8035632,13119612.5790291,5047751.03593191,9394031.19760578,10678095.532683,3905801.18795341,"abundance"
0.349513309349533,0.335384589280856,0.348491442051141,0.151089265914244,0.277398770235099,0.27906597066559,0.12952276065353,"rel_abundance"
