"velocity","froude","shear_stress","stream_power"
0.0965056844549722,0.0964847035254528,0.0963395522849932,0.103839239166786
2.92843744535037,3.31529236686466,3.63498339859672,3.60898497717747
6173024.79931039,3828220.72136705,4211500.13794701,5112305.47233374
0.553483348759573,0.421755143007199,0.402344150104527,0.505518591548246
