"dist_w","velocity","cat_velocity","wd_m","alg_cover","moos_cover","cpom_cover","pH_before","pH_during","pH_after","conduct_before","conduct_during","conduct_after","ox_before","ox_during","ox_after","turb_before","turb_during","turb_after","temp_before","temp_during","temp_after","q_before","q_during","q_after","gaug_before","gaug_during","gaug_after","z"
0.0329185532394354,0.0235421922703256,0.00861775006244029,0.0297195110390982,0.0258757802921945,0.0230180356960787,0.000292510401461457,0.0120731129832166,0.0137778089857389,0.0177883745404638,0.0158362859205824,0.021229439511091,0.0275805648885281,0.0257667311176576,0.0235404465395403,0.0327516061889336,0.0183979648244099,0.0119691891604752,0.0154951553872272,0.0212288602282448,0.0204531735653342,0.0133267036066622,0.0123193618037768,0.0140111649087321,0.0112292696114104,0.0211285492902598,0.0212785042179667,0.0215295826201006,0.0393535146738987
0.625666774018132,0.56797695004786,0.327589775542464,0.484121850246481,0.254565725187219,0.325991269089166,0.0125758223185561,0.517961372365857,0.411498761432725,0.463760364737846,0.527027974727562,0.560100485287466,0.472767536137743,0.499557575054587,0.540833368446507,0.545220729634971,0.386528311444103,0.49352105248781,0.496861587730469,0.4142735228882,0.533980329267353,0.468524605434505,0.411943506100758,0.336266065306199,0.444414474596473,0.416564770278625,0.427376505112416,0.376743197533778,0.924633016379323
886782.836503337,891217.523216038,570381.447636962,1029804.97443537,800297.968790047,247937.901166072,632807.920417865,670580.360658603,690657.170714792,755013.026904576,820289.535775975,928341.121074679,653165.184669554,1162682.96660867,785801.209305018,1094403.55235892,934511.443687751,927211.915323959,1069896.38133243,649044.216991733,764089.008697861,899697.135921146,933096.415418689,1041895.7260137,986549.66339474,875812.696972877,802830.514781902,880084.095196621,1123196.72436104
0.16365873756114,0.166527281133623,0.107827086893336,0.193579697421373,0.0975232717386652,0.0303030572560818,0.0957032873555269,0.112101677547555,0.0941156295918813,0.0871439362150805,0.0952021853293907,0.103821866461771,0.117645595836029,0.138791737394169,0.130823357173691,0.149473221577283,0.143479984474937,0.119804928206022,0.146198374961815,0.10829066355991,0.110669812363287,0.119154929732228,0.147762176849709,0.134546129934985,0.126647304372095,0.157881472387998,0.13264946212092,0.132255929904897,0.192940834463982
