"velocity","wd_m","x","y"
0.206020093121193,0.222432805205162,0.275607794804854,0.295939306868791
0.219383203670796,0.186029173135154,0.311917103040103,0.282670520153946
0.24081923907115,0.246947963632795,0.271593412569759,0.240639384726296
0.232414344645953,0.253999949158095,0.281628646013533,0.23195706018242
