"velocity","froude","shear_stress","stream_power"
0.245455873714061,0.245402510097031,0.245033327444746,0.264108288744162
0.217119141052411,0.245801197554741,0.269503613435958,0.26757604795689
0.31943122724376,0.19809627904344,0.217929572833073,0.264542920879726
0.293921186464573,0.223968385513363,0.213660393272594,0.268450034749469
