"z","velocity","wd_m","ecomorph_class","biogeo_int","mean_diff_nitrogen","mean_diff_phosphor","index"
0.228454198186356,0.138622097373662,0.167384454226345,0.0411152101745632,0.019711567567787,0.139445518438722,0.265266954032564,"k_index"
0.18971645549523,0.148137726382516,0.121982621884476,0.111751789414246,0.0666464156726533,0.140259745598173,0.221505245552706,"shannon"
0.190329250596227,0.164050155804419,0.212029800231065,0.0838820996611505,0.0627681326211883,0.135035507349218,0.151905053736733,"abundance"
0.171662380743356,0.154681327796214,0.212911165489167,0.0957583314075618,0.0692092654421712,0.147889113607498,0.147888415514032,"rel_abundance"
