"velocity","z","dist_w","cat_velocity","alg_cover","moos_cover","cpom_cover","wd_m","clog_3_class_int","clog_6_class_int","sub_type_int","index"
0.0730372090878922,0.098700222780158,0.088382049055472,0.0288944618383659,0.0588572819974276,0.0665747405300349,0.00689510230854249,0.0882657509659457,0.046601034130248,0.0553672072245719,0.02676048690884,"k_index"
2.00703803809231,2.8278476838498,1.94038554263339,0.994499808270011,1.04353082787989,0.899674739678422,0.166881244751964,1.77957548558291,0.497337853446936,0.815916053104752,0.5470590042362,"shannon"
3676625.23778677,4127945.47865938,3901480.25403325,1658384.53387072,3318421.87813669,1052554.22900331,2163160.56445693,5214019.88915875,2028549.47178689,2288779.78282409,916432.203330969,"abundance"
0.352264099455833,0.547401694542357,0.473900511640743,0.126350534326854,0.265753438547338,0.0849610472063381,0.23243786969651,0.656222659870524,0.155967927409204,0.210172480398836,0.0588772873720564,"rel_abundance"
