"z","velocity","wd_m","ecomorph_class","mean_diff_nitrogen","mean_diff_phosphor","nr_inhabitants","dom_ww_disch","biogeo_int","geology_int","index"
0.214771795331558,0.114412374769235,0.15644873311894,0.0414225422255467,0.125526365033629,0.130314865669947,0.0822598350079734,0.0741251908058653,0.0592176094021536,0.00150068863515128,"k_index"
0.154635542052168,0.148892260971611,0.113017274886226,0.0740535251680049,0.0873427650059612,0.122693207909743,0.105632893966316,0.110593627423372,0.0364999008588158,0.0466390017577824,"shannon"
0.14734867501316,0.129854035419164,0.165703319076415,0.0602212566391403,0.105786486299416,0.113918975431598,0.115582289142517,0.10119156006597,0.0392129628605768,0.0211804400520431,"abundance"
0.140090085509659,0.138245826833186,0.162149102257051,0.066093666234099,0.101580099623723,0.119623825020832,0.10313478390361,0.108944061954081,0.043882150026528,0.0162563986372299,"rel_abundance"
