"velocity","index"
0.492897862600719,"k_index"
14.7437926029764,"shannon"
18750751.6042753,"abundance"
1.07976590295181,"rel_abundance"
