"velocity","wd_m","z","dist_w","cat_velocity","alg_cover","moos_cover","cpom_cover","clog_3_class_int","clog_6_class_int","sub_type_int","froude","shear_stress","stream_power"
0.0835853842968605,0.102242787359282,0.127507065470659,0.0992090375727036,0.0278685169264576,0.0778987762217744,0.0621287583885535,0.00417017524007496,0.0609141010643793,0.062977472863566,0.0373501458856144,0.0888374789838596,0.0791997351969568,0.0861105645292584
0.0839583353150881,0.089226321340423,0.143289266970781,0.0956939392135423,0.0370307637183256,0.0470817657612613,0.0705254838798349,0.00148406746479739,0.0399770436976012,0.0444310268350103,0.0353864078481583,0.118295633075234,0.0973526223042184,0.0962673225757241
0.0404575769254608,0.197650804334544,0.220593518101459,0.12374894693586,0.00968405437583889,0.0801105842772731,0.0207044034819341,0.105569810596191,0.0217235729637008,0.0410358957872374,0.0100932597783852,0.0396197414182243,0.0443527532364741,0.0446550777874172
0.0430435926232783,0.181424800744388,0.216891729295338,0.119217181418533,0.0072426431104942,0.0687854481903321,0.0185328765749356,0.111858729959834,0.0377797778379564,0.0589816801025573,0.00830271279258619,0.0422689276724514,0.041903374978145,0.0437665246991706
