"velocity","wd_m"
0.474733601667764,0.525266398332236
0.494134089334614,0.505865910665386
0.474577646286228,0.525422353713772
0.483507057453043,0.516492942546957
