"velocity","wd_m"
0.478152808538646,0.521847191461354
0.481274584210452,0.518725415789548
0.477979809370198,0.522020190629802
0.479910771175955,0.520089228824045
