"velocity","wd_m","index"
0.484005069410715,0.515994930589285,"k_index"
0.518417308670722,0.481582691329279,"shannon"
0.379849548592074,0.620150451407925,"abundance"
0.373123944738461,0.626876055261539,"rel_abundance"
