"velocity","wd_m"
0.251503483526213,0.280845523991984
5.00022133517255,5.4279468742686
7006867.41683795,8389196.65088427
0.392141797084784,0.428743105689055
