"velocity","z","dist_w","cat_velocity","alg_cover","moos_cover","cpom_cover","wd_m","clog_3_class_int","clog_6_class_int","sub_type_int","index"
0.0809564589172125,0.112736512331823,0.0926749996492283,0.0316431152797188,0.0628312360695807,0.0573441393479194,0.00720718515545879,0.0932818828188891,0.0507796867071603,0.0533554965863589,0.0252533752908896,"k_index"
1.83941417328087,2.94110413745701,1.71121484226853,0.907931163762459,1.04482732033558,0.931925726127526,0.20150434509458,1.81397880376002,0.541369231339012,0.720210299616548,0.559498548093143,"shannon"
3528233.51147203,4269733.37540569,4508290.29118845,1778774.47415977,2987511.68727138,761295.320172891,2511999.97612504,5567197.08919465,1999808.5447903,2303085.85014301,902286.121688653,"abundance"
0.382972637907589,0.518744158528337,0.454222588566611,0.124304189811741,0.313059951247878,0.0852234530888454,0.224465379172927,0.675272056274317,0.166506328502477,0.20737637481658,0.0588856315369905,"rel_abundance"
