"z","velocity","wd_m","ecomorph_class","mean_diff_nitrogen","mean_diff_phosphor","nr_inhabitants","dom_ww_disch","biogeo_int","geology_int","index"
0.230476663227299,0.112227602170057,0.135204331127146,0.0396919313585723,0.119440387742198,0.100023484105893,0.0939652669135727,0.0945550627438293,0.0652959735159371,0.00911929709549537,"k_index"
0.150999004061076,0.149405991898686,0.108820688770297,0.0751014678254533,0.0857962482746819,0.125691145296383,0.113300189481653,0.106737158281485,0.0360299638645328,0.0481181422457534,"shannon"
0.186295620902909,0.144107013223031,0.187595709986268,0.0528545067790226,0.0916582986952556,0.114761662273726,0.0884759226366531,0.099274149480313,0.0276076818768714,0.00736943414595032,"abundance"
0.203966692420888,0.140573735208744,0.239981371391546,0.0579818780680007,0.0677099816525893,0.131278141609863,0.0755266111135484,0.0632757079159076,0.0177170089390576,0.00198887167985584,"rel_abundance"
