"velocity","wd_m","z","dist_w","cat_velocity","alg_cover","moos_cover","cpom_cover","clog_3_class_int","clog_6_class_int","sub_type_int","froude","shear_stress","stream_power"
0.0481184092337977,0.0608795714135711,0.0738577245808824,0.0608743552750885,0.0170292223245219,0.0544372191298503,0.0318044233230909,0.00266710091872197,0.039612431029189,0.0411633125923531,0.029057413760495,0.0514700704953629,0.0497573929553459,0.0483320821912517
0.647074066579774,0.626421074478267,1.24660147535145,0.680520925473018,0.368121794753819,0.463971521613016,0.472546860239541,0.009656037558615,0.324189003414921,0.367993177803766,0.311812905578942,0.73117658358559,0.819635917584072,0.725930245671457
2211131.18892295,10088797.7387581,10820488.6483507,6359576.59251351,517276.796541315,4041879.82030442,1036722.42974553,5972893.51288657,1248287.47284187,2206532.22826783,522866.550792249,2411991.83971481,2311132.85633116,2368563.30440897
0.232590844370303,0.95733554633039,1.21326493305893,0.679135063972722,0.0464078534885305,0.39586972015773,0.100171281917969,0.564994638591009,0.198692773083614,0.334899711408998,0.0451533041277465,0.249129792953423,0.223070632282588,0.259112154326829
