"velocity","froude","shear_stress","stream_power"
0.0938515577064695,0.100822157959033,0.107594400928845,0.107746404465386
3.00214437329987,3.70486737499244,3.27825670988204,3.32007473200813
6648831.09951806,4436965.40088687,4031339.9222285,5252968.34773331
0.546331632539855,0.429590710587783,0.393630930437116,0.500668961105129
