"velocity","wd_m"
0.298369870074264,0.320524217660858
8.32705150257843,7.96244468737789
7886531.53319449,13179974.0417055
0.413652951072078,0.759629581767097
