"velocity","wd_m"
0.255360041970261,0.282541722457552
5.11215352052072,5.23352719825866
7650514.72170907,8470166.01742307
0.398354490430115,0.425531085363785
