"z","velocity","wd_m","ecomorph_class","mean_diff_nitrogen","mean_diff_phosphor","biogeo_int","index"
0.191835622261442,0.117705783739932,0.156381578072272,0.0913655965714409,0.170580052688123,0.163566521165109,0.108564845501681,"k_index"
0.19092266855147,0.187130649485936,0.137327886881759,0.111189450246018,0.131527969290719,0.186494350484438,0.0554070250596594,"shannon"
0.199554504446049,0.165079384605304,0.197207345268434,0.0835893525352062,0.141210697717459,0.154271230394389,0.0590874850331592,"abundance"
0.186943716393787,0.179949413164359,0.193357276460632,0.0806662016240709,0.146616154635794,0.148368252626207,0.0640989850951503,"rel_abundance"
