"velocity","index"
0.49388397111831,"k_index"
14.7867898563454,"shannon"
18221258.8261137,"abundance"
1.05788977042028,"rel_abundance"
