"velocity","z","dist_w","cat_velocity","alg_cover","moos_cover","cpom_cover","wd_m","clog_3_class_int","clog_6_class_int","sub_type_int"
0.110324108210378,0.163364513989542,0.136581131891156,0.0437078290242508,0.0936265850093899,0.0906044315343387,0.011769213774521,0.149407918849499,0.0754905906162426,0.0854039888724766,0.0397196882282059
0.148561089319896,0.213512853680243,0.131003139804975,0.0635982617821179,0.0809226305937167,0.0717233812442026,0.0139813809245026,0.136131913383502,0.0416541462410101,0.0563099580635076,0.0426012449623268
0.117962897379768,0.14125954346371,0.133952316314075,0.0541626508492225,0.0954986811354977,0.0298399092228282,0.0840391471626417,0.165141491203094,0.0732001196854437,0.0754381961671364,0.0295050474165813
0.11723789043601,0.174038864180466,0.135634389837517,0.042689746141653,0.0949539653496104,0.0245499284807703,0.065659518990827,0.204011060614484,0.0512240081191883,0.066062113544947,0.0239385143045268
