"velocity","wd_m","z","dist_w","cat_velocity","alg_cover","moos_cover","cpom_cover","clog_3_class_int","clog_6_class_int","sub_type_int"
0.100232803188046,0.132604176825392,0.174833317507485,0.131244045317084,0.0416421092266881,0.114851696552003,0.0893384251159329,0.00658272691654783,0.0834646412640564,0.0772725634120246,0.0479334946747406
0.132743481186132,0.11763626622765,0.250235315161665,0.127305696027934,0.0613759485120895,0.0709291748459225,0.0881230242087383,0.000721398405485266,0.0492348680636199,0.0635685270752244,0.0381263002855395
0.121619272944531,0.19246922243376,0.205832680563821,0.149429806354991,0.0340942430260808,0.0815138964060191,0.0194914394945641,0.0875972313257079,0.0365934438412973,0.05631250708031,0.0150462565289174
0.104952497326227,0.193151302394354,0.227828807182632,0.152218039067217,0.0249049998567919,0.0759230459267443,0.0193435037996356,0.0928261235584828,0.036753011252759,0.0582328162337722,0.0138658534013838
