"nse","bias","mae","rmse","r2","index","predictor","model"
-733.958091675797,3.1310349535974,3.1310349535974,3.38060197503756,0.0728136170253923,"k_index","class","hsc"
-7.87404192968804,0.211554443444623,0.32477123962768,0.371469782241516,0.0728136166008357,"k_index","hsi","hsc"
-11.6815667190902,1.1770217365974,1.59626056397403,1.8136724022271,0.00882890294965527,"shannon","class","hsc"
-12.0317995595073,-1.74245877355538,1.75612696454239,1.83854635821846,0.00882890210069245,"shannon","hsi","hsc"
-1.05198328713502,-781.142857142857,781.142857142857,1091.45243395414,0.0816081695142064,"abundance","class","hsc"
-1.05911082119794,-784.06233765301,784.06233765301,1093.34636281299,0.0816081706495401,"abundance","hsi","hsc"
-357.585158331344,3.44879041227273,3.44879041227273,3.68726381402527,0.0816081695722777,"rel_abundance","class","hsc"
-9.72465015416707,0.529309902119948,0.585925710568181,0.637675341192598,0.0816081707076114,"rel_abundance","hsi","hsc"
