"Q_model","Q_MI","Q_pegel","Q_pegel_EZG","Q_study_EZG","Q_reconstructed_EZG","section"
11,2.56666666666667,"x",381,380.3714661,2.56243244879265,"GL1"
11,2.43333333333333,"x",381,371.5935349,2.37325704704287,"GL2"
7,11.3333333333333,"x",472,320.5772706,9.53598180262467,"L2"
0.6,2.86666666666667,"x",614,199.4,1.50029746281715,"M1"
3.7,2.73333333333333,"x",261,269.7738,1.93538509186352,"S1"
3.2,2.56666666666667,"x",261,287.1519,1.93444412073491,"S2"
25,28.3333333333333,"x",493,472.2496,35.1191741032371,"TH4"
18.8,6.93333333333333,"x",774,1182,21.5097112860892,"VR3"
