"Q_model","Q_MI","Q_pegel","section"
"x",2.33333333333333,"x","GL1"
"11",2.43333333333333,"x","GL2"
"7",12.1333333333333,"x","L2"
"0.6",2.36666666666667,"x","M1"
"3.7",4.459,"x","S1"
"3.2",3.28666666666667,"x","S2"
"25",9.8,"x","TH4"
"18.8",17.6666666666667,"x","VR3"
